"Name","DefFile","DefLine","Refs","RefsDollar","RefsAt","RefsAmp"
"COMPILADOR_TIMEOUT_COMPILACAO","resources\data\compilador_data.resource","30","1","1","0","0"
"CONTAS_PAGAR_TOOLBAR_ACOES_LOCATOR","resources\data\contas_pagar_data.resource","52","1","1","0","0"
"CONTAS_PAGAR_TOOLBAR_ASSINATURA_DIGITAL_INDEX","resources\data\contas_pagar_data.resource","66","1","1","0","0"
"CONTAS_PAGAR_TOOLBAR_BPM_INDEX","resources\data\contas_pagar_data.resource","67","1","1","0","0"
"CONTAS_PAGAR_TOOLBAR_CHAVES_PIX_INDEX","resources\data\contas_pagar_data.resource","63","1","1","0","0"
"CONTAS_PAGAR_TOOLBAR_CONFIRMAR_PARCELA_INDEX","resources\data\contas_pagar_data.resource","54","1","1","0","0"
"CONTAS_PAGAR_TOOLBAR_DEVOLUCAO_INDEX","resources\data\contas_pagar_data.resource","62","1","1","0","0"
"CONTAS_PAGAR_TOOLBAR_FILTRAR_NOTA_FISCAL_INDEX","resources\data\contas_pagar_data.resource","58","1","1","0","0"
"CONTAS_PAGAR_TOOLBAR_FILTRAR_PROCESSOS_INDEX","resources\data\contas_pagar_data.resource","64","1","1","0","0"
"CONTAS_PAGAR_TOOLBAR_GERAR_NFE_INDEX","resources\data\contas_pagar_data.resource","61","1","1","0","0"
"CONTAS_PAGAR_TOOLBAR_HISTORICO_DVQ_INDEX","resources\data\contas_pagar_data.resource","65","1","1","0","0"
"CONTAS_PAGAR_TOOLBAR_IMPRIMIR_DROPDOWN_INDEX","resources\data\contas_pagar_data.resource","60","1","1","0","0"
"CONTAS_PAGAR_TOOLBAR_NOVO_INDEX","resources\data\contas_pagar_data.resource","53","1","1","0","0"
"CONTAS_PAGAR_TOOLBAR_PROTOCOLO_INDEX","resources\data\contas_pagar_data.resource","57","1","1","0","0"
"CONTAS_PAGAR_TOOLBAR_VISOES_ANALISE_INDEX","resources\data\contas_pagar_data.resource","79","1","1","0","0"
"CONTAS_PAGAR_TOOLBAR_VISOES_PROCESSOS_INDEX","resources\data\contas_pagar_data.resource","78","1","1","0","0"
"DIAG_MAX_CONTROLES_POR_CLASSE","tests\90_examples\21_diagnosticar_estrutura_tela_uauxt.robot","19","1","1","0","0"
"el","resources\apps\uauxt.resource","376","1","1","0","0"
"EXECUTAR_FILTRO","tests\flows\financeiro\01_emissao_pagamentos.robot","9","1","1","0","0"
"FIN_EMI_GRID_COLS_MAIN","resources\data\financeiro_data.resource","28","1","1","0","0"
"FIN_EMI_GRID_COLS_SEC","resources\data\financeiro_data.resource","29","1","1","0","0"
"FIN_EMI_JANELA_MAINVIEW_LOCATOR","resources\data\financeiro_data.resource","23","1","1","0","0"
"FIN_EMI_MENU_CAMINHO","resources\data\financeiro_data.resource","8","1","0","1","0"
"FIN_EMI_SSTAB_LOCATOR","resources\data\financeiro_data.resource","27","1","1","0","0"
"FIN_EMI_TB_BOTOES_MAPEADOS","resources\data\financeiro_data.resource","30","1","1","0","0"
"folder_exists","resources\apps\compilador.resource","197","1","1","0","0"
"ID_BOTAO_BUSCAR_LOCAL_SAIDA","resources\data\compilador_data.resource","23","1","1","0","0"
"ID_BOTAO_COMPILAR_COMPONENTES","resources\data\compilador_data.resource","19","1","1","0","0"
"ID_BOTAO_COMPILAR_MODULOS","resources\data\compilador_data.resource","22","1","1","0","0"
"ID_BOTAO_COPIAR_COMPONENTES_EXTERNOS","resources\data\compilador_data.resource","25","1","1","0","0"
"ID_BOTAO_COPIAR_PROJETOS","resources\data\compilador_data.resource","26","1","1","0","0"
"ID_BOTAO_VERSAO_APLICAR","resources\data\compilador_data.resource","20","1","1","0","0"
"ID_CHECKBOX_COPIAR_MODULOS","resources\data\compilador_data.resource","24","1","1","0","0"
"ID_CHECKBOX_MARCAR_COMPONENTES","resources\data\compilador_data.resource","15","1","1","0","0"
"ID_CHECKBOX_MARCAR_COMPONENTES_FIXO","resources\data\compilador_data.resource","16","1","1","0","0"
"ID_CHECKBOX_MARCAR_MODULOS","resources\data\compilador_data.resource","21","1","1","0","0"
"ID_EXPLORER_SCC","resources\data\vs_data.resource","19","1","1","0","0"
"ID_GRID_MODULOS","resources\data\compilador_data.resource","14","1","1","0","0"
"ID_PANEL_ROOT","resources\data\compilador_data.resource","17","1","1","0","0"
"ID_VERSAO_CAMPO","resources\data\compilador_data.resource","18","1","1","0","0"
"LINHA_VENDA_ALVO","tests\flows\vendas\01_resumo_de_venda.robot","9","1","1","0","0"
"result","resources\apps\uauxt_grid.resource","52","1","1","0","0"
"resultado","resources\core\ui_helpers.resource","27","1","1","0","0"
"UAUXT_AREA_TRABALHO","resources\data\uauxt_menu_data.resource","31","1","1","0","0"
"UAUXT_BARRA_MENUS","resources\data\uauxt_menu_data.resource","30","1","1","0","0"
"UAUXT_BOTAO_AUTENTICAR","resources\data\uauxt_data.resource","20","1","1","0","0"
"UAUXT_CAMINHO_MENU_EMISSAO_PAGAMENTOS","resources\data\uauxt_menu_data.resource","63","1","0","1","0"
"UAUXT_CAMINHO_MENU_RESUMO_VENDA","resources\data\uauxt_menu_data.resource","64","1","0","1","0"
"UAUXT_CAMPO_SENHA","resources\data\uauxt_data.resource","19","1","1","0","0"
"UAUXT_CAMPO_USUARIO","resources\data\uauxt_data.resource","18","1","1","0","0"
"UAUXT_GRID_BOTTOM","resources\data\uauxt_grid_data.resource","26","1","1","0","0"
"UAUXT_GRID_CONTAS_PAGAR_CAPTION","resources\data\uauxt_grid_data.resource","19","1","1","0","0"
"UAUXT_GRID_HANDLE","resources\data\uauxt_grid_data.resource","22","1","1","0","0"
"UAUXT_GRID_LEFT","resources\data\uauxt_grid_data.resource","23","1","1","0","0"
"UAUXT_GRID_RIGHT","resources\data\uauxt_grid_data.resource","25","1","1","0","0"
"UAUXT_GRID_TOP","resources\data\uauxt_grid_data.resource","24","1","1","0","0"
"UAUXT_JANELA_LOGIN","resources\data\uauxt_data.resource","17","1","1","0","0"
"UAUXT_MENU_COMPRAS","resources\data\uauxt_menu_data.resource","9","1","1","0","0"
"UAUXT_MENU_ESTOQUE","resources\data\uauxt_menu_data.resource","11","1","1","0","0"
"UAUXT_MENU_ICONE_MALETA_GLYPH","resources\data\uauxt_menu_data.resource","48","1","1","0","0"
"UAUXT_MENU_ICONE_MALETA_TOP_MAX","resources\data\uauxt_menu_data.resource","50","1","1","0","0"
"UAUXT_MENU_ICONE_MALETA_TOP_MIN","resources\data\uauxt_menu_data.resource","49","1","1","0","0"
"UAUXT_MENU_ICONES_FINANCEIRO_CANDIDATOS","resources\data\uauxt_menu_data.resource","41","1","0","1","0"
"UAUXT_MENU_ITEM_EMISSAO_PAG_LOCATOR","resources\data\uauxt_menu_data.resource","68","1","1","0","0"
"UAUXT_MENU_ITEM_FINANCEIRO_LOCATOR","resources\data\uauxt_menu_data.resource","65","1","1","0","0"
"UAUXT_MENU_ITEM_GESTAO_FIN_LOCATOR","resources\data\uauxt_menu_data.resource","66","1","1","0","0"
"UAUXT_MENU_ITEM_GESTAO_VENDAS_LOCATOR","resources\data\uauxt_menu_data.resource","70","1","1","0","0"
"UAUXT_MENU_ITEM_RESUMO_VENDA_LOCATOR","resources\data\uauxt_menu_data.resource","71","1","1","0","0"
"UAUXT_MENU_ITEM_VENDAS_LOCATOR","resources\data\uauxt_menu_data.resource","69","1","1","0","0"
"UAUXT_MENU_VENDAS","resources\data\uauxt_menu_data.resource","10","1","1","0","0"
"UAUXT_SUBMENU_CONTAS_RECEBER","resources\data\uauxt_menu_data.resource","15","1","1","0","0"
"UAUXT_TELA_CONTAS_A_PAGAR","resources\data\uauxt_menu_data.resource","73","1","1","0","0"
"UAUXT_TIMEOUT_PADRAO","resources\data\uauxt_data.resource","26","1","1","0","0"
"UAUXT_TIMEOUT_POPUP","resources\data\uauxt_data.resource","27","1","1","0","0"
"VENDAS_GESTAO_VENDAS_LOCATOR","resources\data\vendas_data.resource","9","1","1","0","0"
"VENDAS_MENU_ITEM_LOCATOR","resources\data\vendas_data.resource","8","1","1","0","0"
"VENDAS_RESUMO_BTN_GRAVAR_LOCATOR","resources\data\vendas_data.resource","39","1","1","0","0"
"VENDAS_RESUMO_BTN_SAIR_LOCATOR","resources\data\vendas_data.resource","40","1","1","0","0"
"VENDAS_RESUMO_CHK_ANTECIPACAO_LOCATOR","resources\data\vendas_data.resource","53","1","1","0","0"
"VENDAS_RESUMO_CHK_POR_TITULAR_LOCATOR","resources\data\vendas_data.resource","52","1","1","0","0"
"VENDAS_RESUMO_FILTRO_AVALISTA_LOCATOR","resources\data\vendas_data.resource","48","1","1","0","0"
"VENDAS_RESUMO_FILTRO_NAO_TITULAR_LOCATOR","resources\data\vendas_data.resource","47","1","1","0","0"
"VENDAS_RESUMO_FILTRO_PROPRIETARIO_LOC","resources\data\vendas_data.resource","49","1","1","0","0"
"VENDAS_RESUMO_FILTRO_TITULAR_LOCATOR","resources\data\vendas_data.resource","46","1","1","0","0"
"VENDAS_RESUMO_TB_ALUGUEL_INDEX","resources\data\vendas_data.resource","27","1","1","0","0"
"VENDAS_RESUMO_TB_CUSTAS_INDEX","resources\data\vendas_data.resource","25","1","1","0","0"
"VENDAS_RESUMO_TB_DATA_CALC_INDEX","resources\data\vendas_data.resource","21","1","1","0","0"
"VENDAS_RESUMO_TB_DEM_COR_INDEX","resources\data\vendas_data.resource","30","1","1","0","0"
"VENDAS_RESUMO_TB_ESPELHO_INDEX","resources\data\vendas_data.resource","33","1","1","0","0"
"VENDAS_RESUMO_TB_ESTOQUE_INDEX","resources\data\vendas_data.resource","34","1","1","0","0"
"VENDAS_RESUMO_TB_EXT_PROD_INDEX","resources\data\vendas_data.resource","32","1","1","0","0"
"VENDAS_RESUMO_TB_IMP_PAR_INDEX","resources\data\vendas_data.resource","24","1","1","0","0"
"VENDAS_RESUMO_TB_IMPOSTO_INDEX","resources\data\vendas_data.resource","26","1","1","0","0"
"VENDAS_RESUMO_TB_PROMISSORIA_INDEX","resources\data\vendas_data.resource","29","1","1","0","0"
"VENDAS_RESUMO_TB_REC_AVUL_INDEX","resources\data\vendas_data.resource","35","1","1","0","0"
"VENDAS_RESUMO_TB_RECIBO_INDEX","resources\data\vendas_data.resource","31","1","1","0","0"
"VENDAS_RESUMO_TB_RESCISAO_INDEX","resources\data\vendas_data.resource","28","1","1","0","0"
"VENDAS_RESUMO_TB_SIGN_INDEX","resources\data\vendas_data.resource","36","1","1","0","0"
"VENDAS_RESUMO_VENDA_LOCATOR","resources\data\vendas_data.resource","10","1","1","0","0"
"VENDAS_TIMEOUT_BUSCA","resources\data\vendas_data.resource","60","1","1","0","0"
"VS_TIMEOUT_CARREGAMENTO","resources\data\vs_data.resource","23","1","1","0","0"
"VS_TIMEOUT_GET","resources\data\vs_data.resource","24","1","1","0","0"
"VS_TIMEOUT_PADRAO","resources\data\vs_data.resource","22","1","1","0","0"
"acessou_contas_a_pagar","resources\apps\uauxt.resource","308","2","2","0","0"
"acessou_menu_lateral","resources\apps\uauxt.resource","413","2","2","0","0"
"address_field","resources\apps\compilador.resource","210","2","2","0","0"
"ARQUIVOS_LEGADOS_PROIBIDOS","tests\02_pipeline_smoke\01_smoke_ambiente_basico.robot","36","2","0","2","0"
"ARQUIVOS_OBRIGATORIOS","tests\02_pipeline_smoke\01_smoke_ambiente_basico.robot","21","2","0","2","0"
"btn_found","resources\apps\compilador.resource","73","2","2","0","0"
"cb1","resources\apps\visual_studio.resource","111","2","2","0","0"
"cb2","resources\apps\visual_studio.resource","114","2","2","0","0"
"cells_status","resources\apps\compilador.resource","89","2","2","0","0"
"checkbox_found","resources\apps\compilador.resource","66","2","2","0","0"
"COLUNA_BOTAO_VINCULOS_NF","tests\90_examples\13_abrir_vinculos_nota_fiscal_no_grid.robot","9","2","2","0","0"
"COMPILADOR_DIR","resources\data\compilador_data.resource","8","2","2","0","0"
"COMPILADOR_TIMEOUT_PADRAO","resources\data\compilador_data.resource","29","2","2","0","0"
"CONTAS_PAGAR_BOTAO_BUSCAR_LOCATOR","resources\data\contas_pagar_data.resource","20","2","2","0","0"
"CONTAS_PAGAR_CAMPO_DATA_FINAL_LOCATOR","resources\data\contas_pagar_data.resource","19","2","2","0","0"
"CONTAS_PAGAR_CAMPO_DATA_INICIAL_LOCATOR","resources\data\contas_pagar_data.resource","18","2","2","0","0"
"CONTAS_PAGAR_COLUNA_BANCO","resources\data\contas_pagar_data.resource","9","2","2","0","0"
"CONTAS_PAGAR_COLUNA_CONFIRMADO","resources\data\contas_pagar_data.resource","8","2","2","0","0"
"CONTAS_PAGAR_COLUNA_CONTA","resources\data\contas_pagar_data.resource","10","2","2","0","0"
"CONTAS_PAGAR_DATA_INICIAL_PADRAO","resources\data\contas_pagar_data.resource","24","2","2","0","0"
"CONTAS_PAGAR_TOOLBAR_MANUTENCAO_INDEX","resources\data\contas_pagar_data.resource","55","2","2","0","0"
"CONTAS_PAGAR_TOOLBAR_VINCULO_PL_INDEX","resources\data\contas_pagar_data.resource","56","2","2","0","0"
"DIAG_CAMINHO_MENU_CSV","tests\90_examples\21_diagnosticar_estrutura_tela_uauxt.robot","21","2","2","0","0"
"DIAG_CLASS_TOKENS_CSV","tests\90_examples\07_inspecionar_elementos_contas_pagar.robot","14","2","2","0","0"
"DIAG_CONTROL_CLASSES","tests\90_examples\21_diagnosticar_estrutura_tela_uauxt.robot","22","2","0","2","0"
"DIAG_GRID_INDEX","tests\90_examples\07_inspecionar_elementos_contas_pagar.robot","12","2","2","0","0"
"DIAG_GRID_TOKENS_CSV","tests\90_examples\21_diagnosticar_estrutura_tela_uauxt.robot","13","2","2","0","0"
"DIAG_NAVEGAR_ANTES","tests\90_examples\21_diagnosticar_estrutura_tela_uauxt.robot","20","2","2","0","0"
"DIAG_PRINT_TREE_MAX_DEPTH","tests\90_examples\21_diagnosticar_estrutura_tela_uauxt.robot","18","2","2","0","0"
"DIAG_SSTAB_CLASS","tests\90_examples\21_diagnosticar_estrutura_tela_uauxt.robot","16","2","2","0","0"
"DIAG_TOP_CANDIDATES","tests\90_examples\07_inspecionar_elementos_contas_pagar.robot","15","2","2","0","0"
"DIRETORIOS_OBRIGATORIOS","tests\02_pipeline_smoke\01_smoke_ambiente_basico.robot","7","2","0","2","0"
"doc_right","resources\apps\uauxt.resource","365","2","2","0","0"
"documento","resources\apps\uauxt.resource","363","2","2","0","0"
"documento","resources\apps\uauxt.resource","274","2","2","0","0"
"edit_status","resources\apps\compilador.resource","174","2","2","0","0"
"expr_glyph","resources\apps\uauxt.resource","138","2","2","0","0"
"expr_visiveis","resources\apps\uauxt.resource","163","2","2","0","0"
"fim_0","resources\apps\uauxt_grid.resource","296","2","2","0","0"
"FIN_EMI_DELAY_CURTO_MS","resources\data\financeiro_data.resource","19","2","2","0","0"
"FIN_EMI_GRID_PRINCIPAL_INDEX","resources\data\financeiro_data.resource","14","2","2","0","0"
"FIN_EMI_GRID_SECUNDARIO_INDEX","resources\data\financeiro_data.resource","15","2","2","0","0"
"FIN_EMI_TOOLBAR_CLASS","resources\data\financeiro_data.resource","13","2","2","0","0"
"grid_indexes","tests\90_examples\21_diagnosticar_estrutura_tela_uauxt.robot","48","2","1","1","0"
"grid_main","resources\domains\financeiro.resource","38","2","2","0","0"
"grid_sec","resources\domains\financeiro.resource","42","2","2","0","0"
"has_msg","resources\apps\compilador.resource","165","2","2","0","0"
"has_success","resources\apps\compilador.resource","151","2","2","0","0"
"height","resources\apps\uauxt_grid.resource","40","2","2","0","0"
"inicio_0","resources\apps\uauxt_grid.resource","295","2","2","0","0"
"is_todo","resources\apps\uauxt_grid.resource","556","2","2","0","0"
"json_text","resources\apps\uauxt_grid.resource","16","2","2","0","0"
"last","resources\apps\compilador.resource","47","2","2","0","0"
"locator_final","resources\domains\contas_pagar.resource","52","2","2","0","0"
"locator_inicial","resources\domains\contas_pagar.resource","51","2","2","0","0"
"locator_text","resources\apps\uauxt_grid.resource","554","2","2","0","0"
"mainview_ok","resources\apps\uauxt.resource","111","2","2","0","0"
"mainview_pronto","resources\apps\uauxt.resource","32","2","2","0","0"
"mapping","tests\90_examples\18_discovery_toolbar_buttons.robot","21","2","1","1","0"
"name_cell","resources\apps\compilador.resource","96","2","2","0","0"
"nome","resources\apps\uauxt.resource","377","2","2","0","0"
"nome_submenu_normalizado","resources\apps\uauxt.resource","162","2","2","0","0"
"ok_alt","resources\apps\uauxt_grid.resource","333","2","2","0","0"
"parent_chain","tests\90_examples\07_inspecionar_elementos_contas_pagar.robot","46","2","2","0","0"
"PESSOA_ALTERNATIVA","resources\data\pessoas_data.resource","8","2","1","0","1"
"PESSOA_INVALIDA_CPF","resources\data\pessoas_data.resource","9","2","1","0","1"
"PESSOA_PADRAO","resources\data\pessoas_data.resource","7","2","1","0","1"
"popup_alternativo","resources\apps\uauxt.resource","27","2","2","0","0"
"popup_encontrado","resources\apps\uauxt.resource","22","2","2","0","0"
"python_exe","resources\apps\uauxt_grid.resource","49","2","2","0","0"
"refresh_json","resources\apps\uauxt_grid.resource","596","2","2","0","0"
"refresh_ok","resources\apps\uauxt_grid.resource","603","2","2","0","0"
"refresh_payload","resources\apps\uauxt_grid.resource","602","2","2","0","0"
"root","resources\apps\compilador.resource","40","2","2","0","0"
"row","resources\apps\compilador.resource","88","2","2","0","0"
"row_0","resources\apps\uauxt_grid.resource","214","2","2","0","0"
"rows","resources\apps\uauxt_grid.resource","527","2","2","0","0"
"sc","tests\90_examples\18_discovery_toolbar_buttons.robot","34","2","2","0","0"
"sc_str","tests\90_examples\18_discovery_toolbar_buttons.robot","35","2","2","0","0"
"segundo_cb","resources\apps\compilador.resource","41","2","2","0","0"
"senha_pronto","resources\apps\uauxt.resource","38","2","2","0","0"
"sep","tests\90_examples\18_discovery_toolbar_buttons.robot","29","2","2","0","0"
"status_cell","resources\apps\compilador.resource","98","2","2","0","0"
"status_elem","resources\apps\uauxt_grid.resource","568","2","2","0","0"
"status_global","resources\apps\uauxt_grid.resource","583","2","2","0","0"
"status_textos","resources\apps\uauxt_grid.resource","575","2","2","0","0"
"submenu","resources\apps\uauxt.resource","168","2","2","0","0"
"toolbars","resources\domains\financeiro.resource","46","2","2","0","0"
"total_indices","resources\apps\uauxt_grid.resource","232","2","2","0","0"
"total_itens","resources\apps\uauxt.resource","226","2","2","0","0"
"touched_rows","resources\apps\uauxt_grid.resource","257","2","2","0","0"
"UAUXT_BOTAO_APROVAR","resources\data\uauxt_menu_data.resource","23","2","2","0","0"
"UAUXT_BOTAO_FILTRO","resources\data\uauxt_menu_data.resource","25","2","2","0","0"
"UAUXT_BOTAO_REJEITAR","resources\data\uauxt_menu_data.resource","24","2","2","0","0"
"UAUXT_CAMINHO_MENU_APROVACAO_PAGAMENTOS","resources\data\uauxt_menu_data.resource","62","2","0","2","0"
"UAUXT_CAMPO_FILTRO_STATUS","resources\data\uauxt_menu_data.resource","26","2","2","0","0"
"UAUXT_GRID_CLASS_TOKENS_CSV","resources\data\uauxt_grid_data.resource","11","2","2","0","0"
"UAUXT_GRID_CONTAS_PAGAR_RODAPE","resources\data\uauxt_grid_data.resource","20","2","2","0","0"
"UAUXT_GRID_NAV_COL_DIRECTION","resources\data\uauxt_grid_data.resource","17","2","2","0","0"
"UAUXT_GRID_NAV_COL_STEPS","resources\data\uauxt_grid_data.resource","15","2","2","0","0"
"UAUXT_GRID_NAV_ROW_DIRECTION","resources\data\uauxt_grid_data.resource","16","2","2","0","0"
"UAUXT_GRID_NAV_ROW_STEPS","resources\data\uauxt_grid_data.resource","14","2","2","0","0"
"UAUXT_GRID_PAGAMENTOS","resources\data\uauxt_menu_data.resource","20","2","2","0","0"
"UAUXT_GRID_PROBE_SCRIPT","resources\data\uauxt_grid_data.resource","7","2","2","0","0"
"UAUXT_GRID_TIMEOUT_PROBE","resources\data\uauxt_grid_data.resource","21","2","2","0","0"
"UAUXT_GRID_WINDOW_TITLE_REGEX","resources\data\uauxt_grid_data.resource","10","2","2","0","0"
"UAUXT_MENU_FINANCEIRO","resources\data\uauxt_menu_data.resource","8","2","2","0","0"
"UAUXT_MENU_ICONE_CAPACETE_TOP_MAX","resources\data\uauxt_menu_data.resource","45","2","2","0","0"
"UAUXT_MENU_ICONE_CAPACETE_TOP_MIN","resources\data\uauxt_menu_data.resource","44","2","2","0","0"
"UAUXT_MENU_ITEM_CONTAS_A_PAGAR_LOCATOR","resources\data\uauxt_menu_data.resource","67","2","2","0","0"
"UAUXT_MENU_LATERAL_BROWSER","resources\data\uauxt_menu_data.resource","35","2","2","0","0"
"UAUXT_MENU_LATERAL_HOST","resources\data\uauxt_menu_data.resource","34","2","2","0","0"
"UAUXT_SENHA_ENV","resources\data\uauxt_data.resource","13","2","2","0","0"
"UAUXT_SUBMENU_APROVACAO","resources\data\uauxt_menu_data.resource","16","2","2","0","0"
"UAUXT_SUBMENU_APROVACAO_PAGAMENTOS_TEXTO","resources\data\uauxt_menu_data.resource","56","2","2","0","0"
"UAUXT_SUBMENU_CONTAS_PAGAR","resources\data\uauxt_menu_data.resource","14","2","2","0","0"
"UAUXT_SUBMENU_EMISSAO_PAGAMENTOS","resources\data\uauxt_menu_data.resource","57","2","2","0","0"
"UAUXT_TELA_APROVACAO_PAGAMENTOS","resources\data\uauxt_menu_data.resource","19","2","2","0","0"
"UAUXT_TIMEOUT_TELA","resources\data\uauxt_menu_data.resource","77","2","2","0","0"
"UAUXT_USUARIO_ENV","resources\data\uauxt_data.resource","12","2","2","0","0"
"UAUXT_VALOR_FILTRO_PENDENTE","resources\data\uauxt_menu_data.resource","27","2","2","0","0"
"usa_base_um","resources\apps\uauxt_grid.resource","294","2","2","0","0"
"usuario_pronto","resources\apps\uauxt.resource","35","2","2","0","0"
"value_status","resources\apps\compilador.resource","177","2","2","0","0"
"values","tests\90_examples\21_diagnosticar_estrutura_tela_uauxt.robot","179","2","0","2","0"
"VENDAS_DELAY_APOS_BUSCA_MS","resources\data\vendas_data.resource","64","2","2","0","0"
"VENDAS_RESUMO_BTN_BUSCAR_LOCATOR","resources\data\vendas_data.resource","41","2","2","0","0"
"VENDAS_RESUMO_FILTRO_TODOS_LOCATOR","resources\data\vendas_data.resource","45","2","2","0","0"
"VENDAS_RESUMO_TB_EXTRATO_INDEX","resources\data\vendas_data.resource","23","2","2","0","0"
"VENDAS_RESUMO_TB_NOVO_INDEX","resources\data\vendas_data.resource","20","2","2","0","0"
"VENDAS_RESUMO_TB_RESUMO_INDEX","resources\data\vendas_data.resource","22","2","2","0","0"
"width","resources\apps\uauxt_grid.resource","39","2","2","0","0"
"windows_status","resources\apps\compilador.resource","144","2","2","0","0"
"abrir_button","resources\apps\compilador.resource","221","3","3","0","0"
"all_rows","resources\apps\compilador.resource","84","3","3","0","0"
"BOTAO_GRAVAR_PESSOA_LOCATOR","resources\data\pessoas_data.resource","19","3","3","0","0"
"BOTAO_NOVO_PESSOA_LOCATOR","resources\data\pessoas_data.resource","14","3","3","0","0"
"caminho_menu","tests\90_examples\21_diagnosticar_estrutura_tela_uauxt.robot","132","3","0","3","0"
"CAMPO_CPF_PESSOA_LOCATOR","resources\data\pessoas_data.resource","16","3","3","0","0"
"CAMPO_EMAIL_PESSOA_LOCATOR","resources\data\pessoas_data.resource","17","3","3","0","0"
"CAMPO_NOME_PESSOA_LOCATOR","resources\data\pessoas_data.resource","15","3","3","0","0"
"CAMPO_TELEFONE_PESSOA_LOCATOR","resources\data\pessoas_data.resource","18","3","3","0","0"
"candidates","tests\90_examples\07_inspecionar_elementos_contas_pagar.robot","56","3","3","0","0"
"candidatos_visiveis","resources\apps\uauxt.resource","165","3","3","0","0"
"cell_count","resources\apps\compilador.resource","94","3","3","0","0"
"COLUNA_CONFIRMADO","tests\90_examples\08_preencher_dvq_grid_processos_pagamento.robot","10","3","3","0","0"
"COMPILADOR_EXE","resources\data\compilador_data.resource","9","3","3","0","0"
"CONTAS_PAGAR_BOTAO_EMPRESA_OBRA_LOCATOR","resources\data\contas_pagar_data.resource","15","3","3","0","0"
"CONTAS_PAGAR_GRID_EMPRESA_HEADER_LOCATOR","resources\data\contas_pagar_data.resource","14","3","3","0","0"
"CONTAS_PAGAR_POPUP_EMPRESA_LOCATOR","resources\data\contas_pagar_data.resource","13","3","3","0","0"
"CONTAS_PAGAR_TIMEOUT_PADRAO","resources\data\contas_pagar_data.resource","23","3","3","0","0"
"CONTAS_PAGAR_TOOLBAR_IMPRIMIR_SOLICITACAO_INDEX","resources\data\contas_pagar_data.resource","59","3","3","0","0"
"current_version","resources\apps\compilador.resource","44","3","3","0","0"
"data_atual","resources\domains\contas_pagar.resource","49","3","3","0","0"
"DIAG_GRID_INDEXES_CSV","tests\90_examples\21_diagnosticar_estrutura_tela_uauxt.robot","14","3","3","0","0"
"DIAG_TOOLBAR_CLASS","tests\90_examples\21_diagnosticar_estrutura_tela_uauxt.robot","15","3","3","0","0"
"DIAG_WINDOW_LOCATOR","tests\90_examples\21_diagnosticar_estrutura_tela_uauxt.robot","17","3","3","0","0"
"digitos","resources\apps\uauxt_grid.resource","614","3","3","0","0"
"FIN_EMI_BTN_FILTRAR_LOCATOR","resources\data\financeiro_data.resource","26","3","3","0","0"
"FIN_EMI_TARGET_TEXT","resources\data\financeiro_data.resource","9","3","3","0","0"
"FIN_EMI_TEMPO_MAX_ABERTURA_MS","resources\data\financeiro_data.resource","20","3","3","0","0"
"FIN_EMI_TIMEOUT_PADRAO","resources\data\financeiro_data.resource","18","3","3","0","0"
"FIN_EMI_WINDOW_LOCATOR","resources\data\financeiro_data.resource","10","3","3","0","0"
"found","resources\apps\uauxt_grid.resource","546","3","3","0","0"
"GLYPH_ICONE_TESTE","tests\90_examples\12_testar_clique_por_indice_menu_lateral.robot","8","3","3","0","0"
"MENU_PESSOAS_LOCATOR","resources\data\pessoas_data.resource","13","3","3","0","0"
"new_version","resources\apps\compilador.resource","48","3","3","0","0"
"parts","resources\apps\compilador.resource","46","3","3","0","0"
"payload_alt","resources\apps\uauxt_grid.resource","332","3","3","0","0"
"popup","resources\apps\compilador.resource","163","3","3","0","0"
"popup","resources\apps\compilador.resource","167","3","3","0","0"
"row_count","resources\apps\compilador.resource","85","3","3","0","0"
"row_indexes_csv","resources\apps\uauxt_grid.resource","234","3","3","0","0"
"script_path","resources\apps\uauxt_grid.resource","50","3","3","0","0"
"SUBMENU_TESTE","tests\90_examples\12_testar_clique_por_indice_menu_lateral.robot","9","3","3","0","0"
"success_popup","resources\apps\compilador.resource","149","3","3","0","0"
"success_popup","resources\apps\compilador.resource","153","3","3","0","0"
"textos","resources\apps\uauxt.resource","275","3","1","2","0"
"textos","resources\apps\uauxt.resource","369","3","1","2","0"
"TFS_BRANCH","resources\data\vs_data.resource","15","3","3","0","0"
"TFS_PROJETO","resources\data\vs_data.resource","14","3","3","0","0"
"TFS_SERVIDOR","resources\data\vs_data.resource","13","3","3","0","0"
"trecho_selecionado","resources\apps\uauxt_grid.resource","609","3","3","0","0"
"UAUXT_CREDENCIAIS_PADRAO","resources\data\uauxt_data.resource","14","3","2","0","1"
"UAUXT_GRID_COUNT_REGEX","resources\data\uauxt_grid_data.resource","18","3","3","0","0"
"UAUXT_GRID_MAX_ROWS_PREVIEW","resources\data\uauxt_grid_data.resource","13","3","3","0","0"
"UAUXT_MENU_ICONE_CAPACETE_LOCATOR","resources\data\uauxt_menu_data.resource","40","3","3","0","0"
"UAUXT_POPUP_INICIAL","resources\data\uauxt_data.resource","23","3","3","0","0"
"UAUXT_SUBMENU_EMISSAO_PAGAMENTOS_TEXTO","resources\data\uauxt_menu_data.resource","58","3","3","0","0"
"UAUXT_SUBMENU_GESTAO_VENDAS_TEXTO","resources\data\uauxt_menu_data.resource","60","3","3","0","0"
"UAUXT_SUBMENU_RESUMO_VENDA_TEXTO","resources\data\uauxt_menu_data.resource","61","3","3","0","0"
"UAUXT_SUBMENU_VENDAS_TEXTO","resources\data\uauxt_menu_data.resource","59","3","3","0","0"
"VENDAS_RESUMO_TELA_LOCATOR","resources\data\vendas_data.resource","42","3","3","0","0"
"VENDAS_RESUMO_TEMPO_MAX_ABERTURA_MS","resources\data\vendas_data.resource","61","3","3","0","0"
"VENDAS_TIMEOUT_PADRAO","resources\data\vendas_data.resource","59","3","3","0","0"
"VS_EXE","resources\data\vs_data.resource","8","3","3","0","0"
"all_windows","resources\apps\compilador.resource","147","4","2","2","0"
"candidatos","resources\apps\uauxt.resource","140","4","4","0","0"
"ctrl","tests\90_examples\21_diagnosticar_estrutura_tela_uauxt.robot","103","4","4","0","0"
"ctrl","tests\90_examples\21_diagnosticar_estrutura_tela_uauxt.robot","160","4","4","0","0"
"DIAG_WINDOW_TITLE_REGEX","tests\90_examples\07_inspecionar_elementos_contas_pagar.robot","13","4","4","0","0"
"DIAG_WINDOW_TITLE_REGEX","tests\90_examples\21_diagnosticar_estrutura_tela_uauxt.robot","12","4","4","0","0"
"em_execucao","resources\core\ui_helpers.resource","28","4","4","0","0"
"em_execucao","resources\core\ui_helpers.resource","34","4","4","0","0"
"EMPRESA_PADRAO","tests\90_examples\06_contas_pagar_filtro_confirmacao.robot","8","4","4","0","0"
"EMPRESA_PADRAO","tests\90_examples\09_fluxo_completo_contas_pagar_dvq.robot","9","4","4","0","0"
"expr_icones","resources\apps\uauxt.resource","370","4","4","0","0"
"expr_icones","resources\apps\uauxt.resource","279","4","4","0","0"
"mapped","tests\90_examples\18_discovery_toolbar_buttons.robot","22","4","4","0","0"
"mapped","resources\apps\uauxt_grid.resource","511","4","4","0","0"
"perfil_normalizado","resources\domains\pessoas.resource","65","4","4","0","0"
"score","tests\90_examples\07_inspecionar_elementos_contas_pagar.robot","64","4","4","0","0"
"score","tests\90_examples\07_inspecionar_elementos_contas_pagar.robot","45","4","4","0","0"
"tempo_s","resources\core\sync.resource","55","4","4","0","0"
"tempo_s","resources\core\sync.resource","72","4","4","0","0"
"UAUXT_GRID_BATCH_COMMIT_DELAY_MS","resources\data\uauxt_grid_data.resource","29","4","4","0","0"
"UAUXT_GRID_BATCH_MOVE_DELAY_MS","resources\data\uauxt_grid_data.resource","27","4","4","0","0"
"UAUXT_GRID_BATCH_TYPE_DELAY_MS","resources\data\uauxt_grid_data.resource","28","4","4","0","0"
"UAUXT_MENU_ICONE_CAPACETE_GLYPH","resources\data\uauxt_menu_data.resource","39","4","4","0","0"
"UAUXT_SUBMENU_CONTAS_A_PAGAR_TEXTO","resources\data\uauxt_menu_data.resource","55","4","4","0","0"
"VALOR_CONFIRMADO","tests\90_examples\06_contas_pagar_filtro_confirmacao.robot","9","4","4","0","0"
"VALOR_CONFIRMADO","tests\90_examples\09_fluxo_completo_contas_pagar_dvq.robot","10","4","4","0","0"
"VALOR_DVQ","tests\90_examples\08_preencher_dvq_grid_processos_pagamento.robot","11","4","4","0","0"
"VENDAS_DELAY_APOS_TOOLBAR_MS","resources\data\vendas_data.resource","65","4","4","0","0"
"VENDAS_RESUMO_TOOLBAR_CLASS","resources\data\vendas_data.resource","56","4","4","0","0"
"aberto","resources\apps\compilador.resource","16","5","5","0","0"
"aberto","resources\apps\visual_studio.resource","14","5","5","0","0"
"caminho_log","resources\apps\uauxt.resource","230","5","5","0","0"
"caminho_log","tests\90_examples\21_diagnosticar_estrutura_tela_uauxt.robot","133","5","5","0","0"
"cell_value","resources\apps\uauxt_grid.resource","215","5","5","0","0"
"cell_value","resources\apps\uauxt_grid.resource","207","5","5","0","0"
"DIAG_TARGET_TEXT","tests\90_examples\07_inspecionar_elementos_contas_pagar.robot","11","5","5","0","0"
"DIAG_TARGET_TEXT","tests\90_examples\21_diagnosticar_estrutura_tela_uauxt.robot","11","5","5","0","0"
"doc_bottom","resources\apps\uauxt.resource","367","5","5","0","0"
"doc_bottom","resources\apps\uauxt.resource","278","5","5","0","0"
"doc_left","resources\apps\uauxt.resource","276","5","5","0","0"
"doc_left","resources\apps\uauxt.resource","364","5","5","0","0"
"doc_top","resources\apps\uauxt.resource","277","5","5","0","0"
"doc_top","resources\apps\uauxt.resource","366","5","5","0","0"
"INDICE_ICONE_TESTE","tests\90_examples\12_testar_clique_por_indice_menu_lateral.robot","7","5","5","0","0"
"limit","tests\90_examples\21_diagnosticar_estrutura_tela_uauxt.robot","158","5","5","0","0"
"limit","tests\90_examples\07_inspecionar_elementos_contas_pagar.robot","58","5","5","0","0"
"msg","tests\90_examples\18_discovery_toolbar_buttons.robot","36","5","5","0","0"
"msg","resources\apps\compilador.resource","133","5","5","0","0"
"sstabs","tests\90_examples\21_diagnosticar_estrutura_tela_uauxt.robot","91","5","5","0","0"
"TFS_PASTA_ALVO","resources\data\vs_data.resource","16","5","5","0","0"
"UAUXT_SUBMENU_GESTAO_FINANCEIRA_TEXTO","resources\data\uauxt_menu_data.resource","54","5","5","0","0"
"UAUXT_TIMEOUT_GRID","resources\data\uauxt_menu_data.resource","78","5","5","0","0"
"CODIGO_BANCO","tests\90_examples\14_alterar_banco_conta_pagamento_grid.robot","10","6","6","0","0"
"CODIGO_CONTA","tests\90_examples\14_alterar_banco_conta_pagamento_grid.robot","11","6","6","0","0"
"elem","resources\apps\visual_studio.resource","81","6","6","0","0"
"elem","resources\apps\visual_studio.resource","98","6","6","0","0"
"elem","resources\apps\visual_studio.resource","70","6","6","0","0"
"icone","resources\apps\uauxt.resource","145","6","6","0","0"
"icone","resources\apps\uauxt.resource","269","6","6","0","0"
"icone","resources\apps\uauxt.resource","128","6","6","0","0"
"indice","resources\apps\uauxt.resource","268","6","6","0","0"
"LINHA_FINAL_DVQ","tests\90_examples\08_preencher_dvq_grid_processos_pagamento.robot","13","6","6","0","0"
"LINHA_FINAL_DVQ","tests\90_examples\09_fluxo_completo_contas_pagar_dvq.robot","12","6","6","0","0"
"LINHA_INICIAL_DVQ","tests\90_examples\09_fluxo_completo_contas_pagar_dvq.robot","11","6","6","0","0"
"LINHA_INICIAL_DVQ","tests\90_examples\08_preencher_dvq_grid_processos_pagamento.robot","12","6","6","0","0"
"pane","resources\apps\visual_studio.resource","80","6","6","0","0"
"pane","resources\apps\visual_studio.resource","69","6","6","0","0"
"pane","resources\apps\visual_studio.resource","97","6","6","0","0"
"row_indexes","resources\apps\uauxt_grid.resource","297","6","2","4","0"
"UAUXT_EXE","resources\data\uauxt_data.resource","8","6","6","0","0"
"UAUXT_MENU_FINANCEIRO_INDICE","resources\data\uauxt_menu_data.resource","38","6","6","0","0"
"UAUXT_SUBMENU_FINANCEIRO_TEXTO","resources\data\uauxt_menu_data.resource","53","6","6","0","0"
"VS_JANELA_PRINCIPAL","resources\data\vs_data.resource","9","6","6","0","0"
"COMPILADOR_JANELA","resources\data\compilador_data.resource","10","7","7","0","0"
"rows_count","resources\apps\uauxt_grid.resource","547","7","7","0","0"
"rows_count","resources\apps\uauxt_grid.resource","528","7","7","0","0"
"UAUXT_GRID_PROCESSOS_PAGAMENTO_TARGET_TEXT","resources\data\uauxt_grid_data.resource","9","7","7","0","0"
"name","tests\90_examples\18_discovery_toolbar_buttons.robot","33","8","8","0","0"
"name","tests\90_examples\21_diagnosticar_estrutura_tela_uauxt.robot","167","8","8","0","0"
"name","resources\apps\compilador.resource","97","8","8","0","0"
"PASTA_SAIDA","resources\data\compilador_data.resource","11","8","8","0","0"
"qtd","resources\apps\uauxt_grid.resource","629","8","8","0","0"
"qtd","resources\apps\uauxt_grid.resource","616","8","8","0","0"
"qtd","tests\90_examples\10_contabilizar_processos_contas_pagar.robot","12","8","8","0","0"
"tempo_abertura_ms","resources\domains\vendas.resource","17","8","8","0","0"
"tempo_abertura_ms","resources\apps\uauxt_financeiro.resource","14","8","8","0","0"
"tempo_abertura_ms","resources\apps\uauxt_vendas.resource","35","8","8","0","0"
"tempo_abertura_ms","resources\domains\financeiro.resource","27","8","8","0","0"
"fim","resources\apps\uauxt_grid.resource","291","9","9","0","0"
"fim","resources\core\sync.resource","70","9","9","0","0"
"fim","resources\core\sync.resource","53","9","9","0","0"
"icones_coluna","resources\apps\uauxt.resource","262","9","9","0","0"
"icones_coluna","resources\apps\uauxt.resource","281","9","9","0","0"
"icones_coluna","resources\apps\uauxt.resource","372","9","9","0","0"
"icones_coluna","resources\apps\uauxt.resource","137","9","9","0","0"
"count","tests\90_examples\21_diagnosticar_estrutura_tela_uauxt.robot","92","10","10","0","0"
"count","tests\90_examples\07_inspecionar_elementos_contas_pagar.robot","41","10","10","0","0"
"count","tests\90_examples\21_diagnosticar_estrutura_tela_uauxt.robot","156","10","10","0","0"
"item","tests\90_examples\07_inspecionar_elementos_contas_pagar.robot","61","10","10","0","0"
"locators","resources\domains\contas_pagar.resource","77","10","0","10","0"
"locators","resources\domains\contas_pagar.resource","103","10","0","10","0"
"locators","resources\domains\contas_pagar.resource","84","10","0","10","0"
"locators","resources\apps\uauxt.resource","198","10","0","10","0"
"locators","resources\domains\contas_pagar.resource","62","10","0","10","0"
"UAUXT_GRID_TARGET_TEXT","resources\data\uauxt_grid_data.resource","8","10","10","0","0"
"valor","resources\core\ui_helpers.resource","60","10","10","0","0"
"inicio","resources\apps\uauxt_grid.resource","290","11","11","0","0"
"inicio","resources\core\sync.resource","51","11","11","0","0"
"inicio","resources\core\sync.resource","68","11","11","0","0"
"bottom","tests\90_examples\07_inspecionar_elementos_contas_pagar.robot","68","12","12","0","0"
"bottom","resources\apps\uauxt.resource","381","12","12","0","0"
"bottom","tests\90_examples\21_diagnosticar_estrutura_tela_uauxt.robot","83","12","12","0","0"
"bottom","resources\apps\uauxt_grid.resource","38","12","12","0","0"
"bottom","tests\90_examples\21_diagnosticar_estrutura_tela_uauxt.robot","107","12","12","0","0"
"bottom","tests\90_examples\21_diagnosticar_estrutura_tela_uauxt.robot","171","12","12","0","0"
"clicou","resources\apps\uauxt.resource","207","12","12","0","0"
"clicou","resources\apps\uauxt.resource","178","12","12","0","0"
"clicou","resources\apps\uauxt.resource","183","12","12","0","0"
"clicou","resources\core\sync.resource","24","12","12","0","0"
"clicou","resources\apps\uauxt.resource","174","12","12","0","0"
"clicou","resources\apps\uauxt.resource","209","12","12","0","0"
"left","tests\90_examples\07_inspecionar_elementos_contas_pagar.robot","65","12","12","0","0"
"left","tests\90_examples\21_diagnosticar_estrutura_tela_uauxt.robot","104","12","12","0","0"
"left","resources\apps\uauxt_grid.resource","35","12","12","0","0"
"left","tests\90_examples\21_diagnosticar_estrutura_tela_uauxt.robot","80","12","12","0","0"
"left","tests\90_examples\21_diagnosticar_estrutura_tela_uauxt.robot","168","12","12","0","0"
"left","resources\apps\uauxt.resource","378","12","12","0","0"
"right","resources\apps\uauxt_grid.resource","37","12","12","0","0"
"right","tests\90_examples\21_diagnosticar_estrutura_tela_uauxt.robot","82","12","12","0","0"
"right","tests\90_examples\07_inspecionar_elementos_contas_pagar.robot","67","12","12","0","0"
"right","tests\90_examples\21_diagnosticar_estrutura_tela_uauxt.robot","106","12","12","0","0"
"right","tests\90_examples\21_diagnosticar_estrutura_tela_uauxt.robot","170","12","12","0","0"
"right","resources\apps\uauxt.resource","380","12","12","0","0"
"top","resources\apps\uauxt_grid.resource","36","12","12","0","0"
"top","tests\90_examples\07_inspecionar_elementos_contas_pagar.robot","66","12","12","0","0"
"top","tests\90_examples\21_diagnosticar_estrutura_tela_uauxt.robot","105","12","12","0","0"
"top","tests\90_examples\21_diagnosticar_estrutura_tela_uauxt.robot","169","12","12","0","0"
"top","tests\90_examples\21_diagnosticar_estrutura_tela_uauxt.robot","81","12","12","0","0"
"top","resources\apps\uauxt.resource","379","12","12","0","0"
"tempo_ms","resources\core\sync.resource","86","14","14","0","0"
"tempo_ms","resources\core\sync.resource","95","14","14","0","0"
"tempo_ms","resources\core\sync.resource","54","14","14","0","0"
"tempo_ms","resources\core\sync.resource","71","14","14","0","0"
"empty","tests\90_examples\21_diagnosticar_estrutura_tela_uauxt.robot","145","15","13","2","0"
"texto","resources\domains\pessoas.resource","78","15","15","0","0"
"texto","tests\90_examples\01_reuso_dados_pessoas.robot","16","15","15","0","0"
"rodape_texto","resources\apps\uauxt_grid.resource","562","16","16","0","0"
"rodape_texto","resources\apps\uauxt_grid.resource","586","16","16","0","0"
"rodape_texto","resources\apps\uauxt_grid.resource","570","16","16","0","0"
"rodape_texto","resources\apps\uauxt_grid.resource","565","16","16","0","0"
"rodape_texto","resources\apps\uauxt_grid.resource","606","16","16","0","0"
"rodape_texto","resources\apps\uauxt_grid.resource","573","16","16","0","0"
"rodape_texto","resources\apps\uauxt_grid.resource","578","16","16","0","0"
"UAUXT_GRID_PREFERRED_INDEX","resources\data\uauxt_grid_data.resource","12","16","16","0","0"
"idx","tests\90_examples\18_discovery_toolbar_buttons.robot","28","17","17","0","0"
"UAUXT_TIMEOUT_MENU","resources\data\uauxt_menu_data.resource","76","17","17","0","0"
"class_name","tests\90_examples\07_inspecionar_elementos_contas_pagar.robot","63","18","18","0","0"
"class_name","tests\90_examples\21_diagnosticar_estrutura_tela_uauxt.robot","79","18","18","0","0"
"class_name","tests\90_examples\07_inspecionar_elementos_contas_pagar.robot","44","18","18","0","0"
"pessoa","resources\domains\pessoas.resource","55","18","18","0","0"
"pessoa","tests\90_examples\01_reuso_dados_pessoas.robot","15","18","18","0","0"
"pessoa","tests\90_examples\01_reuso_dados_pessoas.robot","9","18","18","0","0"
"total","resources\apps\uauxt.resource","166","18","18","0","0"
"total","tests\90_examples\07_inspecionar_elementos_contas_pagar.robot","57","18","18","0","0"
"total","tests\90_examples\18_discovery_toolbar_buttons.robot","23","18","18","0","0"
"total","resources\apps\uauxt_grid.resource","512","18","18","0","0"
"total","resources\apps\uauxt.resource","141","18","18","0","0"
"total","resources\apps\uauxt.resource","263","18","18","0","0"
"total","resources\apps\uauxt.resource","373","18","18","0","0"
"status","resources\apps\visual_studio.resource","33","21","21","0","0"
"status","resources\apps\compilador.resource","129","21","21","0","0"
"status","tests\90_examples\21_diagnosticar_estrutura_tela_uauxt.robot","140","21","21","0","0"
"status","tests\90_examples\21_diagnosticar_estrutura_tela_uauxt.robot","113","21","21","0","0"
"status","tests\90_examples\21_diagnosticar_estrutura_tela_uauxt.robot","151","21","21","0","0"
"status","resources\apps\compilador.resource","127","21","21","0","0"
"status","resources\apps\uauxt_grid.resource","563","21","21","0","0"
"status","resources\apps\uauxt.resource","81","21","21","0","0"
"status","resources\apps\uauxt.resource","159","21","21","0","0"
"status","resources\apps\compilador.resource","99","21","21","0","0"
"UAUXT_MENU_LATERAL_DOCUMENTO","resources\data\uauxt_menu_data.resource","36","21","21","0","0"
"grid","resources\apps\uauxt_grid.resource","235","22","22","0","0"
"grid","resources\apps\uauxt_grid.resource","156","22","22","0","0"
"grid","resources\apps\compilador.resource","83","22","22","0","0"
"grid","resources\apps\uauxt_grid.resource","97","22","22","0","0"
"grid","resources\apps\uauxt_grid.resource","318","22","22","0","0"
"grid","resources\apps\uauxt_grid.resource","389","22","22","0","0"
"grid","resources\apps\uauxt_grid.resource","340","22","22","0","0"
"grid","resources\apps\uauxt_grid.resource","127","22","22","0","0"
"grid","resources\apps\uauxt_grid.resource","624","22","22","0","0"
"grid","resources\apps\uauxt_grid.resource","192","22","22","0","0"
"grid","resources\apps\uauxt_grid.resource","424","22","22","0","0"
"selected","resources\apps\uauxt_grid.resource","28","25","25","0","0"
"selected","tests\90_examples\21_diagnosticar_estrutura_tela_uauxt.robot","77","25","25","0","0"
"selected","resources\apps\uauxt_grid.resource","84","25","25","0","0"
"selected","tests\90_examples\07_inspecionar_elementos_contas_pagar.robot","42","25","25","0","0"
"LINHA_ALVO","tests\90_examples\19_toolbar_imprimir_contas_pagar.robot","12","33","33","0","0"
"LINHA_ALVO","tests\90_examples\14_alterar_banco_conta_pagamento_grid.robot","9","33","33","0","0"
"LINHA_ALVO","tests\90_examples\13_abrir_vinculos_nota_fiscal_no_grid.robot","8","33","33","0","0"
"LINHA_ALVO","tests\90_examples\17_toolbar_manutencao_contas_pagar.robot","12","33","33","0","0"
"LINHA_ALVO","tests\90_examples\20_toolbar_imprimir_nota_debito_contas_pagar.robot","13","33","33","0","0"
"LINHA_ALVO","tests\90_examples\15_abrir_manutencao_processo_duplo_clique.robot","9","33","33","0","0"
"LINHA_ALVO","tests\90_examples\16_toolbar_vinculo_pl_contas_pagar.robot","12","33","33","0","0"
"json_output","resources\apps\uauxt_grid.resource","391","35","35","0","0"
"json_output","resources\apps\uauxt_grid.resource","518","35","35","0","0"
"json_output","resources\apps\uauxt_grid.resource","461","35","35","0","0"
"json_output","tests\90_examples\21_diagnosticar_estrutura_tela_uauxt.robot","56","35","35","0","0"
"json_output","resources\apps\uauxt_grid.resource","129","35","35","0","0"
"json_output","resources\apps\uauxt_grid.resource","426","35","35","0","0"
"json_output","resources\apps\uauxt_grid.resource","158","35","35","0","0"
"json_output","resources\apps\uauxt_grid.resource","194","35","35","0","0"
"json_output","resources\apps\uauxt_grid.resource","99","35","35","0","0"
"json_output","resources\apps\uauxt_grid.resource","237","35","35","0","0"
"json_output","resources\apps\uauxt_grid.resource","481","35","35","0","0"
"json_output","resources\apps\uauxt_grid.resource","320","35","35","0","0"
"json_output","resources\apps\uauxt_grid.resource","499","35","35","0","0"
"json_output","resources\apps\uauxt_grid.resource","73","35","35","0","0"
"json_output","resources\apps\uauxt_grid.resource","535","35","35","0","0"
"json_output","tests\90_examples\07_inspecionar_elementos_contas_pagar.robot","28","35","35","0","0"
"json_output","resources\apps\uauxt_grid.resource","342","35","35","0","0"
"handle","resources\apps\uauxt_grid.resource","157","38","38","0","0"
"handle","tests\90_examples\21_diagnosticar_estrutura_tela_uauxt.robot","78","38","38","0","0"
"handle","resources\apps\uauxt_grid.resource","627","38","38","0","0"
"handle","resources\apps\uauxt_grid.resource","193","38","38","0","0"
"handle","resources\apps\uauxt_grid.resource","319","38","38","0","0"
"handle","tests\90_examples\07_inspecionar_elementos_contas_pagar.robot","43","38","38","0","0"
"handle","resources\apps\uauxt_grid.resource","236","38","38","0","0"
"handle","resources\apps\uauxt_grid.resource","425","38","38","0","0"
"handle","resources\apps\uauxt_grid.resource","390","38","38","0","0"
"handle","resources\apps\uauxt_grid.resource","34","38","38","0","0"
"handle","resources\apps\uauxt_grid.resource","128","38","38","0","0"
"handle","resources\apps\uauxt_grid.resource","341","38","38","0","0"
"handle","resources\apps\uauxt_grid.resource","98","38","38","0","0"
"handle","tests\90_examples\07_inspecionar_elementos_contas_pagar.robot","62","38","38","0","0"
"ok","resources\apps\uauxt_grid.resource","114","42","42","0","0"
"ok","resources\apps\uauxt_grid.resource","256","42","42","0","0"
"ok","resources\apps\uauxt_grid.resource","355","42","42","0","0"
"ok","resources\domains\contas_pagar.resource","64","42","42","0","0"
"ok","tests\90_examples\21_diagnosticar_estrutura_tela_uauxt.robot","67","42","42","0","0"
"ok","resources\domains\contas_pagar.resource","131","42","42","0","0"
"ok","resources\apps\uauxt_grid.resource","439","42","42","0","0"
"ok","resources\domains\contas_pagar.resource","145","42","42","0","0"
"ok","resources\domains\contas_pagar.resource","162","42","42","0","0"
"ok","resources\domains\contas_pagar.resource","109","42","42","0","0"
"ok","resources\apps\uauxt_grid.resource","205","42","42","0","0"
"ok","resources\apps\uauxt_grid.resource","24","42","42","0","0"
"ok","tests\90_examples\13_abrir_vinculos_nota_fiscal_no_grid.robot","22","42","42","0","0"
"ok","tests\90_examples\15_abrir_manutencao_processo_duplo_clique.robot","19","42","42","0","0"
"ok","resources\apps\uauxt_grid.resource","404","42","42","0","0"
"ok","resources\apps\uauxt_grid.resource","144","42","42","0","0"
"ok","resources\apps\uauxt_grid.resource","509","42","42","0","0"
"ok","resources\apps\uauxt_grid.resource","171","42","42","0","0"
"ok","resources\apps\uauxt_grid.resource","470","42","42","0","0"
"ok","tests\90_examples\07_inspecionar_elementos_contas_pagar.robot","39","42","42","0","0"
"ok","tests\90_examples\08_preencher_dvq_grid_processos_pagamento.robot","26","42","42","0","0"
"payload","resources\apps\uauxt_grid.resource","447","100","100","0","0"
"payload","resources\apps\uauxt_grid.resource","486","100","100","0","0"
"payload","resources\apps\uauxt_grid.resource","255","100","100","0","0"
"payload","resources\apps\uauxt_grid.resource","271","100","100","0","0"
"payload","resources\apps\uauxt_grid.resource","204","100","100","0","0"
"payload","resources\apps\uauxt_grid.resource","170","100","100","0","0"
"payload","resources\apps\uauxt_grid.resource","179","100","100","0","0"
"payload","resources\apps\uauxt_grid.resource","508","100","100","0","0"
"payload","resources\apps\uauxt_grid.resource","298","100","100","0","0"
"payload","resources\apps\uauxt_grid.resource","403","100","100","0","0"
"payload","resources\apps\uauxt_grid.resource","412","100","100","0","0"
"payload","resources\apps\uauxt_grid.resource","438","100","100","0","0"
"payload","resources\apps\uauxt_grid.resource","469","100","100","0","0"
"payload","resources\apps\uauxt_grid.resource","354","100","100","0","0"
"payload","resources\apps\uauxt_grid.resource","365","100","100","0","0"
"payload","resources\apps\uauxt_grid.resource","376","100","100","0","0"
"payload","resources\apps\uauxt_grid.resource","143","100","100","0","0"
"payload","tests\90_examples\08_preencher_dvq_grid_processos_pagamento.robot","21","100","100","0","0"
"payload","tests\90_examples\07_inspecionar_elementos_contas_pagar.robot","80","100","100","0","0"
"payload","tests\90_examples\07_inspecionar_elementos_contas_pagar.robot","38","100","100","0","0"
"payload","tests\90_examples\13_abrir_vinculos_nota_fiscal_no_grid.robot","18","100","100","0","0"
"payload","tests\90_examples\21_diagnosticar_estrutura_tela_uauxt.robot","66","100","100","0","0"
"payload","tests\90_examples\18_discovery_toolbar_buttons.robot","20","100","100","0","0"
"payload","tests\90_examples\15_abrir_manutencao_processo_duplo_clique.robot","18","100","100","0","0"
"payload","resources\domains\contas_pagar.resource","158","100","100","0","0"
"payload","resources\apps\uauxt_grid.resource","18","100","100","0","0"
"payload","resources\apps\uauxt_grid.resource","83","100","100","0","0"
"payload","resources\apps\uauxt_grid.resource","113","100","100","0","0"
"payload","resources\apps\uauxt_grid.resource","526","100","100","0","0"
"payload","resources\domains\contas_pagar.resource","141","100","100","0","0"
"payload","resources\domains\contas_pagar.resource","126","100","100","0","0"
"payload","resources\apps\uauxt_grid.resource","545","100","100","0","0"
